01M292,International Studies,M46X,2016
01M448,University Neighborhood High School,M35A,2016
01M448,Bilingual Mandarin,M35B,2016
01M448,University Neighborhood Early College,M35C,2016
01M450,East Side Community,M58A,2016
01M509,Marta Valle High School,M27A,2016
01M539,"Science, Technology and Math Institute",M29A,2016
01M696,Early College,M51A,2016
02M047,English/American Sign Language Dual Language Environment,M54A,2016
02M135,The Urban Assembly School for Emergency Management,M28A,2016
02M139,Building Arts & Historic Preservation,M18A,2016
02M260,M.S. 260 Clinton School Writers & Artists,M64A,2016
02M280,Manhattan Early College School for Advertising,M73A,2016
02M282,Urban Assembly Maker Academy,M61A,2016
02M288,Food and Finance High School,M34X,2016
02M294,Essex Street Academy,M37X,2016
02M296,High School of Hospitality Management,M36X,2016
02M298,PACE High School,M38X,2016
02M300,Urban Assembly School of Design and Construction,M44X,2016
02M303,The Facing History School,M02R,2016
02M305,The Urban Assembly Academy of Government and Law,M65R,2016
02M308,Lower Manhattan Arts Academy,M05R,2016
02M316,The Urban Assembly School of Business for Young Women,M63R,2016
02M374,Fine & Visual Arts,M66A,2016
02M374,Performing Arts,M66B,2016
02M374,Capstone Scholars,M66I,2016
02M376,NYC iSchool,M52A,2016
02M392,Manhattan Business Academy,A12A,2016
02M393,The Business of Sports School,A14A,2016
02M399,High School for Language and Diplomacy,A11A,2016
02M400,Environmental Studies,M41C,2016
02M400,Honors Academy,M41D,2016
02M407,Institute for Collaborative Education,M82A,2016
02M408,Musical Theatre,M81H,2016
02M408,Drama,M81J,2016
02M408,Classical Vocal Music,M81K,2016
02M439,Manhattan Village Academy,M94A,2016
02M408,Dance,M81N,2016
02M411,Baruch College,M87A,2016
02M412,College Prep,M74A,2016
02M413,School of the Future,M83A,2016
02M414,NYC Museum School,M85A,2016
02M416,Eleanor Roosevelt High School,M21A,2016
02M418,Millennium High School,M25A,2016
02M419,Landmark High School,M91A,2016
02M420,Medical Science & Research,M70A,2016
02M420,Medical Technology and College Preparatory,M70B,2016
02M422,Quest to Learn Upper School,A25A,2016
02M425,Leadership and Public Service,M76A,2016
02M425,Business and Entrepreneurship,M76B,2016
02M427,Manhattan Academy for Arts & Language,A22A,2016
02M432,Murray Hill Academy,A19A,2016
02M437,Hudson High School of Learning Technologies,A18A,2016
02M438,International High School at Union Square,Y46A,2016
02M449,College Preparatory,M95A,2016
02M459,Humanities and Interdisciplinary,M93A,2016
02M475,Stuyvesant,NO CODE,2016
02M489,Economics and Finance,M79A,2016
02M500,Unity Center for Urban Technologies,M84A,2016
02M507,UA Gateway,A23A,2016
02M519,Musical Theatre,M42J,2016
02M519,Vocal Music,M42K,2016
02M519,Dance,M42L,2016
02M519,Drama,M42N,2016
02M519,Instrumental Music,M42P,2016
02M520,The Ninth Grade Academy,M50B,2016
02M520,The Blazer Early College Preparatory Academy,M50C,2016
02M529,"Int'l Marketing, Computer Applications, Foreign Trade & Virtual Enterprise",M45A,2016
02M531,Theatre Arts,M20X,2016
02M533,Pharmacy Technician,A33A,2016
02M533,Dental Assistant,A33B,2016
02M534,Harvest Collegiate High School,A53A,2016
02M542,Bilingual Spanish Information Technology and Computer Science,M57B,2016
02M542,Bilingual Spanish Pre-Engineering,M57C,2016
02M542,Dual Language Spanish Pre-Engineering,M57D,2016
02M542,Dual Language Spanish Information Technology and Computer Science,M57E,2016
02M543,New Design High School,M53A,2016
02M545,High School for Dual Language and Asian Studies,M59A,2016
02M546,Academy for Software Engineering (AFSE),A54A,2016
02M551,Marine Science,K51A,2016
02M551,Marine Technology,K51B,2016
02M580,Teaching Academy,M23A,2016
02M580,Liberal Arts Academy,M23B,2016
07X547,Visual Art,X49D,2016
02M600,"Fashion Design, Related Arts & Business Fields",M68A,2016
02M605,Humanities Preparatory Academy,M99A,2016
02M615,Chelsea Technical Academy/Cisco,M67B,2016
02M615,SoHo Communication Arts Academy,M67E,2016
02M630,Architectural Design,M60N,2016
02M630,Commercial Art and Design,M60P,2016
02M630,Film/Video Production,M60Q,2016
02M655,Life Sciences for New Students,M40A,2016
02M655,Life Sciences for Current Students,M40B,2016
03M299,"High School for Arts, Imagination and Inquiry",M11R,2016
03M307,The Urban Assembly School for Media Studies,M22X,2016
03M402,The Urban Assembly School for Green Careers,A13A,2016
03M403,The Global Learning Collaborative,A17A,2016
03M415,Drama,M26A,2016
03M415,Dance,M26D,2016
03M415,Visual Arts,M26J,2016
03M415,Instrumental Music,M26M,2016
03M415,Vocal Music,M26R,2016
03M415,Wadleigh Secondary,M26W,2016
03M417,Frank McCourt High School,A21A,2016
03M479,The Beacon School,M71A,2016
03M485,Vocal Music,NO CODE,2016
03M485,Fine Art,NO CODE,2016
03M485,Instrumental Music,NO CODE,2016
03M485,Technical Theatre,NO CODE,2016
03M485,Drama,NO CODE,2016
03M485,Dance,NO CODE,2016
03M492,"Law, Advocacy and Community Justice High School",M14A,2016
03M494,Arts & Technology,M12A,2016
03M494,Digital Media,M12B,2016
03M541,Manhattan/Hunter Science High School,M55A,2016
03M859,"Voice, Instrument, and Composition",A85A,2016
03M860,Frederick Douglass Academy II for New Students,M39A,2016
03M860,Frederick Douglass Academy II for Continuing Students,M39B,2016
04M372,Esperanza Preparatory Academy,A37A,2016
04M409,Coalition School for Social Change,M90A,2016
04M435,Science & Mathematics Research,M16J,2016
04M435,Bilingual Spanish Science & Mathematics,M16K,2016
04M495,Park East High School,M17J,2016
04M555,Central Park East,M86A,2016
04M610,Young Women’s Leadership School,M96A,2016
04M680,The Heritage School,M97A,2016
05M148,Eagle Academy for Young Men of Harlem,Y41A,2016
05M157,The Urban Assembly School for Global Commerce,M48A,2016
05M304,Mott Hall High School,M49X,2016
07X547,Drama,X49E,2016
05M362,Columbia Secondary School,A15A,2016
05M367,Academy for Social Action: A College Board School,M01A,2016
05M369,Urban Assembly School for the Performing Arts,M04A,2016
05M499,Frederick Douglass Academy for the Humanities (FDAH),M75A,2016
05M499,"Science, Technology, Engineering, and Mathematics (STEM)",M75B,2016
05M670,Social Change and Community Service,M47A,2016
05M692,Pre-Engineering,NO CODE,2016
06M211,Inwood Early College for Health & Information Technologies,A16A,2016
06M293,City College Academy of the Arts,M06A,2016
06M346,Community Health Academy of the Heights,M07A,2016
06M348,Washington Heights Expeditionary Learning School,M88A,2016
06M423,High School for Excellence and Innovation,A24A,2016
06M462,The College Academy,M32A,2016
06M463,Media and Communications Institute,M30A,2016
06M467,Law and Public Service,M31A,2016
06M468,Health Careers & Sciences,M33A,2016
06M540,Academic Professions,M19B,2016
06M540,The Academy of the Humanities,M19C,2016
06M540,The Academy of Engineering,M19J,2016
07X548,Urban Assembly School for Careers in Sports,X31A,2016
06M540,The Academy of Medicine,M19K,2016
06M540,Dual Language Spanish Program,M19L,2016
06M552,Bilingual Spanish Science & Mathematics,M62A,2016
07X221,South Bronx Preparatory: A College Board School,X11X,2016
07X223,Dual Language Spanish Program,Y72A,2016
07X223,The Laboratory School of Finance and Technology,Y72B,2016
07X259,"HERO High (Health, Education, and Research Occupations High School)",X37A,2016
07X334,International Community High School,Y23A,2016
07X427,Social Action,X47A,2016
07X473,Mott Haven Village Preparatory High School,X44X,2016
07X495,Humanities,X96A,2016
07X495,"STEM (Science, Technology, Engineering and Mathematics)",X96B,2016
07X500,Hostos-Lincoln Academy of Science,X14J,2016
07X520,Humanities,X70A,2016
07X522,Building Construction and Technology,Y51A,2016
07X522,Architecture and Design,Y51B,2016
07X527,Bronx Leadership Academy II High School,Y49A,2016
07X547,Dance,X49B,2016
07X547,Music,X49C,2016
11X513,New World High School,X87R,2016
07X551,Bronx Academy of Letters,X27A,2016
07X600,NATEF Automotive Technology,X69C,2016
07X600,Bilingual Spanish NATEF Automotive Technology,X69D,2016
07X600,Graphic Arts,X69E,2016
07X670,Health Opportunities High School,X71A,2016
08X269,The Urban Assembly Bronx Studio School for Writers and Artists,Y28A,2016
08X282,Women’s Academy of Excellence,Y01T,2016
08X293,Renaissance High School of Musical Theater & Technology,X98A,2016
08X305,Pablo Neruda Academy,X97A,2016
08X312,Millennium Art Academy,X72A,2016
08X320,Pelham Lab High School,X26A,2016
08X332,Holcombe L. Rucker School of Community Research,Y22A,2016
08X348,Schuylerville Preparatory High School,X57A,2016
08X349,Bronx River High School,X24A,2016
08X367,"Archimedes Academy for Math, Science and Technology",Y37A,2016
08X376,Antonia Pantoja Preparatory Academy: A College Board School,Y34A,2016
08X405,Academy for Computer Technology,X16A,2016
08X405,Anne Hutchinson Academy,X16B,2016
08X405,Zoned,X16Z,2016
08X432,Bronx Bridges High School,Y47A,2016
08X452,Bronx Guild,X32A,2016
08X519,W.E.B. Du Bois Writing Institute,X65A,2016
11X514,The Bronxwood Preparatory Academy,X85R,2016
08X519,The Felisa Rincón de Gautier Institute for Law and Public Policy,X65R,2016
08X530,Banana Kelly High School,X94A,2016
08X558,Westchester Square Academy,Y58A,2016
08X558,Westchester Square Academy Honors Program,Y58B,2016
08X559,School for Tourism and Hospitality,Y59A,2016
08X561,The Bronx Compass High School,Y61A,2016
09X227,Bronx Collegiate Academy,X58X,2016
09X231,The Eagle Academy for Young Men,X99X,2016
09X241,The Urban Assembly School for Applied Math and Science,Y29A,2016
09X250,Eximius College Preparatory Academy: A College Board School,X03R,2016
09X252,Mott Hall Bronx High School,X04R,2016
09X260,Bronx Center for Science and Mathematics,X05R,2016
09X263,Validus Preparatory Academy: An Expeditionary Learning School,X07R,2016
09X276,Leadership Institute,X06R,2016
09X297,Morris Academy for Collaborative Studies,X81X,2016
09X324,Bronx Early College Academy,Y36A,2016
09X327,Comprehensive Model School Project (CMSP),Y27A,2016
09X329,DreamYard Preparatory School,Y21A,2016
09X350,New Directions Secondary School,X13A,2016
09X365,National Academy Foundation Media Communications,Y31B,2016
09X365,National Academy Foundation Institute for Computer Technology,Y31C,2016
09X365,National Academy Foundation Computer Networking,Y31D,2016
09X403,Bronx International High School,X36A,2016
09X404,School for Excellence,X46A,2016
09X412,Bronx High School of Business,X55A,2016
09X412,Bilingual Education,X55B,2016
09X413,Medical and Health Sciences,X56A,2016
09X505,"Bronx School for Law, Government and Justice for New Students",X95A,2016
09X505,"Bronx School for Law, Government and Justice for Current Students",X95B,2016
09X517,Frederick Douglass Academy III Secondary School,X63X,2016
09X525,Bronx Leadership Academy,X73A,2016
09X543,Violin and Dance,X41A,2016
09X564,Claremont International High School,Y64A,2016
09X568,"Young Womens Leadership School, Bronx",Y73A,2016
10X141,RKA Humanities,X80A,2016
10X213,Bronx Engineering & Technology Academy (BETA),X61X,2016
10X225,Jazz Band/Piano,X20B,2016
10X225,Chorus,X20C,2016
10X225,Dance,X20R,2016
10X225,Drama,X20S,2016
11X542,Pelham Preparatory Academy,X45A,2016
10X225,Visual Arts & Technology,X20T,2016
10X237,"Marie Curie High School for Nursing, Medicine, & Allied Health Professions",X62X,2016
10X243,West Bronx Academy for the Future,X59X,2016
10X264,Bronx Academy for Software Engineering (BASE),X18A,2016
10X268,Kingsbridge International High School,X86R,2016
10X284,Bronx School of Law and Finance,X28A,2016
10X342,International School for Liberal Arts,Y24A,2016
10X351,Bronx Collaborative High School,X19A,2016
10X353,World View High School,X89A,2016
10X353,Spanish Transitional Bilingual,X89B,2016
10X368,Information and Network Technology Academy,X78A,2016
10X374,Knowledge and Power Preparatory Academy International High School,Y32A,2016
10X433,Pre-Teaching and Virtual Enterprise,X34A,2016
10X434,College and University Transitional Seminar,X42A,2016
10X437,Fordham High School for the Arts,X51A,2016
10X438,Business and Technology,X52A,2016
10X439,Law Enforcement Academy,X53A,2016
10X439,Community Service Academy,X53B,2016
10X440,Medical Professions,X10A,2016
10X440,Newcomers'-Global Community,X10H,2016
10X440,Macy Honors Communities,X10J,2016
10X440,STEM,X10K,2016
10X440,Humanities and the Arts,X10L,2016
10X442,Concert Band/Piano,X33A,2016
10X442,Chorus,X33B,2016
10X442,Strings,X33M,2016
10X445,The Bronx High School of Science,NO CODE,2016
10X477,International Studies,X43A,2016
10X477,International Academy,X43B,2016
10X524,Digital Media/Recording Entertainment Technology,Y56A,2016
10X546,Theatre Design and Technology,X38A,2016
10X546,Performance and Production,X38B,2016
10X549,Discovery High School,X39A,2016
10X565,Building Operations and Technology,Y65A,2016
10X696,High School of American Studies at Lehman College,NO CODE,2016
11X249,Bronx Health Sciences High School,X88X,2016
11X253,Bronx High School for Writing & Communication Arts,X76X,2016
11X265,Bronx Lab School,X64X,2016
11X270,Academy for Scholarship and Entrepreneurship,X02R,2016
11X275,High School of Computers and Technology,X01X,2016
11X288,Collegiate Institute for Math and Science,X29J,2016
11X290,Bronx Academy of Health Careers,X22A,2016
11X299,Science & Technology,X17B,2016
11X418,Visual Art,X35A,2016
11X418,Graphic Design,X35B,2016
11X455,Law and Legal Studies/Law Enforcement Academy,X25B,2016
11X455,Computer Technology,X25C,2016
11X455,Culinary Arts,X25D,2016
11X455,Multimedia Communication and Production,X25E,2016
11X455,Air Force Junior ROTC,X25F,2016
11X455,Pre-Engineering and Applied Mathematics,X25H,2016
11X455,Zoned,X25Z,2016
11X508,Bronxdale High School,Y53A,2016
11X509,High School of Language and Innovation,Y52A,2016
11X544,Arts Lab Studio Creative Writing & Performing Arts,X48A,2016
11X544,"Arts Lab-Studio II Visual, Audio & Media Arts",X48B,2016
11X545,Bronx Aerospace High School,X30A,2016
11X545,Dual Language Spanish Program,X30B,2016
12X242,Mott Hall V High School,Y45A,2016
12X248,The Metropolitan High School,X77R,2016
12X251,Explorations Academy,X08R,2016
12X267,Bronx Latin,Y35A,2016
12X271,East Bronx Academy for the Future,X83X,2016
12X278,Peace and Diversity Academy,X84X,2016
12X372,Urban Assembly School for Wildlife Conservation,Y38A,2016
12X388,Pan American International High School at Monroe,Y26A,2016
12X478,The Cinema School,Y42A,2016
12X479,Bronx Career and College Preparatory High School,Y43A,2016
12X511,Bronx Envision,Y54A,2016
12X521,The Metropolitan Soundview High School,Y55A,2016
12X550,High School of World Cultures,X09X,2016
12X682,Fannie Lou Hamer Freedom High School,X91A,2016
12X684,Academy For Excellence,X93A,2016
12X684,Dance,X93P,2016
12X692,Monroe Academy of Visual Design,X75A,2016
13K265,Visual Arts,K42A,2016
18K633,High School for Medical Professions,L49A,2016
13K265,Vocal Music,K42B,2016
13K265,Dance,K42C,2016
13K265,Drama,K42D,2016
13K265,Instrumental Music,K42E,2016
13K350,The Urban Assembly School of Music and Art,L02R,2016
13K412,"Brooklyn Community High School of Communications, Arts and Media",L25A,2016
13K419,Science Skills Center,K78A,2016
13K419,Gateway Honors,K78B,2016
13K419,Project Lead the Way,K78C,2016
13K419,Humanities and the Arts,K78D,2016
13K419,Early College Pharmacology,K78F,2016
13K419,Computer Technology,K78G,2016
13K430,Science Engineering,NO CODE,2016
13K439,Brooklyn International High School,K53A,2016
13K483,Urban Assembly School for Law and Justice,K08X,2016
13K499,Law and Leadership Institute,K85A,2016
13K499,Science and Health Institute,K85D,2016
13K527,The Urban Assembly Institute of Math and Science for Young Women,L54A,2016
13K595,Technology,K95A,2016
13K595,Health Professions,K95B,2016
13K605,Multimedia Internet Technology,K70C,2016
13K605,Culinary Arts,K70D,2016
13K605,Electrical Installation and Practice,K70E,2016
13K605,Brooklyn STEAM Center,K70H,2016
13K605,Computer Information Systems and Repair,K70I,2016
13K670,Humanities,K71B,2016
13K670,Media Communication,K71E,2016
13K670,Pre-Engineering,K71J,2016
13K670,Pre-Medicine,K71K,2016
13K674,"City Polytechnic High School of Engineering, Architecture and Technology",L59A,2016
14K071,Visual Art and Design,K11A,2016
18K637,Academy for Conservation and the Environment,L44A,2016
14K071,Instrumental Music,K11B,2016
14K071,Theater Arts,K11E,2016
14K071,Juan Morel Campos Secondary School,K11X,2016
14K322,Foundations Academy,K18R,2016
14K449,Brooklyn Latin,NO CODE,2016
14K454,Green School: An Academy for Environmental Careers,L27A,2016
14K454,Early College Initiative,L27B,2016
14K454,Transitional Bilingual,L27C,2016
14K474,Medical Professions,K87A,2016
14K474,Gateway: Mathematics and Science Institute,K87G,2016
14K474,Instrumental Music,K87H,2016
14K474,Fine Art,K87I,2016
14K477,Legal Studies,K86A,2016
14K477,Computer Forensics Program,K86B,2016
14K478,Computer Science/Networking,K88A,2016
14K478,Business & Finance,K88B,2016
14K478,Gateway: Mathematics and Science Institute for Pre-College Education,K88C,2016
18K642,Urban Action Academy,L50A,2016
14K478,Music Major,K88D,2016
14K488,Brooklyn Preparatory High School,K07X,2016
14K558,Architecture and Design,K09X,2016
14K561,Williamsburg Preparatory School,K39X,2016
14K586,Lyons Community School,L39A,2016
14K610,Automotive Service Center Specialist,K60J,2016
14K610,"Automotive Business Technology, Computer Repair & Electronics",K60L,2016
14K610,Engineering,K60R,2016
14K610,Mechanical Engineering,K60S,2016
14K610,Law Enforcement Academy,K60T,2016
14K614,The Young Women’s Leadership School of Brooklyn,L66A,2016
14K632,Frances Perkins Academy,L47A,2016
14K632,Academy of Arts and Media,L47B,2016
14K685,El Puente Academy for Peace and Justice,K75A,2016
15K423,Brooklyn Frontiers High School,L69A,2016
15K429,Global Arts Institute,K79A,2016
19K404,Academy for Young Writers,L22A,2016
19K502,FDNY High School for Fire and Life Safety,K62X,2016
15K429,Digital Arts and Media,K79B,2016
15K429,Business and Technology Institute,K79C,2016
15K448,Brooklyn School for Collaborative Studies,K03R,2016
15K462,Secondary School for Law,K22A,2016
15K463,Secondary School for Journalism,K29A,2016
15K464,College Preparatory,K27A,2016
15K497,Advanced Placement Program,K21A,2016
15K497,International Culinary Institute,K21B,2016
15K519,American Studies,K91A,2016
15K519,Pre-Law Institute,K91B,2016
15K592,Khalil Gibran International Academy,L61A,2016
15K656,Art,K47J,2016
15K656,Instrumental Music,K47K,2016
15K656,Dance,K47L,2016
15K656,Vocal Music,K47M,2016
15K656,Drama,K47R,2016
15K667,Sunset Park High School,L58A,2016
15K684,Millennium Brooklyn,L63A,2016
16K393,Frederick Douglass Academy IV Secondary School,K33R,2016
16K455,Brooklyn STEAM Center,K10A,2016
16K455,Smart Scholars Early College Program,K10E,2016
16K455,Institute for Computer and Technology,K10S,2016
16K455,Zoned,K10Z,2016
16K498,Academy for Social Justice,K49B,2016
16K498,Computer Technology,K49D,2016
16K594,Gotham Professional Arts Academy,L35A,2016
16K688,Brooklyn Academy of Global Finance,L57A,2016
16K765,Nelson Mandela School for Social Justice,K15A,2016
17K122,Pathways in Technology Early College High School,L67A,2016
17K382,Academy for College Preparation and Career Exploration,L21A,2016
17K408,Academy of Hospitality and Tourism,L24A,2016
17K524,International High School at Prospect Heights,K98X,2016
19K409,East New York Family Academy,K45A,2016
17K528,Engineering,K32A,2016
17K528,Biomedical Science,K32B,2016
17K528,Computer Science,K32C,2016
17K528,Brooklyn STEAM Center,K32D,2016
17K531,The School for Human Rights,K04X,2016
17K533,Math/Science Leadership,K01J,2016
17K533,Humanities Institute,K01X,2016
17K537,Arts,K06B,2016
17K537,Media,K06C,2016
17K539,High School for Service & Learning,K30X,2016
17K543,Early College,K14A,2016
17K546,Law Academy – HSPS,K64A,2016
17K546,Medical Academy – HSPS,K64B,2016
17K546,Public Service Academy: Social Action & Leadership,K64C,2016
17K547,Science Exploration Program,K41A,2016
19K422,Spring Creek Community School,K31A,2016
17K548,Performing and Visual Arts,K48A,2016
17K590,Math and Technology,K77A,2016
17K590,Science and Research,K77B,2016
17K600,Health Career Professions,K50A,2016
17K600,Bilingual Haitian Creole Program,K50B,2016
17K600,Dual Language Russian Program,K50C,2016
17K600,Gateway Honors Health Professions,K50J,2016
17K745,Brooklyn Institute for Liberal Arts,L17A,2016
17K751,Academy for Health Careers,L64A,2016
18K563,It Takes A Village Academy,L36A,2016
18K563,Engineering Academy,L36B,2016
18K563,Science Institute,L36C,2016
18K566,Brooklyn Generation School,L32A,2016
18K567,Brooklyn Theatre Arts High School,L33A,2016
18K569,Kurt Hahn Expeditionary Learning School,L37A,2016
18K576,Victory Collegiate High School,L41A,2016
18K589,Arts & Media Preparatory,L31A,2016
18K617,High School for Innovation in Advertising and Media,L48A,2016
18K629,Culinary Arts,L45A,2016
18K629,Cultural Academy College Prep,L45B,2016
19K504,High School for Civil Rights and Law,K63X,2016
19K507,Dance,K61D,2016
19K507,Music,K61M,2016
19K507,Technology,K61R,2016
19K507,Drama/Theater Arts,K61T,2016
19K510,CNA Certified Nursing Assistant Program with Phlebotomy and EKG Technician,K65A,2016
19K510,Medical Science,K65X,2016
19K583,Multicultural High School,L40A,2016
19K615,Transit Industrial Electronics,K69K,2016
19K615,Transit Industrial Electrician,K69L,2016
19K615,Transit Technician Technology,K69M,2016
19K615,Computer Networking,K69N,2016
19K615,Computer Engineering,K69P,2016
19K615,Information Technology,K69R,2016
19K618,Academy of Innovative Technology,L51A,2016
19K639,Brooklyn Lab School,L46A,2016
19K659,Cypress Hills Collegiate Preparatory School,L56A,2016
19K660,Design Technology,K68A,2016
19K660,Medical Careers,K68C,2016
19K660,Beauty Science & Technology,K68J,2016
19K683,Performance,L53A,2016
19K683,Production,L53B,2016
19K764,The Urban Assembly School for Collaborative Healthcare,K19A,2016
20K445,Medical & Health Careers,K28A,2016
20K445,Legal Studies Academy,K28B,2016
20K445,Academy of Hospitality & Tourism,K28C,2016
20K445,Academy of Art & Design,K28D,2016
20K445,Honors Academy,K28H,2016
20K445,Academy of Business and Technology,K28M,2016
20K445,Zoned,K28Z,2016
20K485,Telecommunication Arts and Technology,K59A,2016
20K490,Honors Academy,K17H,2016
20K490,Joffrey Ballet Dance Academy,K17J,2016
20K490,Instrumental Music,K17R,2016
20K490,Vocal Music,K17S,2016
20K490,Zoned,K17Z,2016
20K505,Business Careers/Computer Technology,K16A,2016
20K505,Math/Science Academy,K16C,2016
20K505,Performing Arts,K16D,2016
20K505,Zoned,K16Z,2016
20K609,The Urban Assembly School for Criminal Justice,L62A,2016
21K337,International High School,K38R,2016
21K344,Rachel Carson High School for Coastal Studies,L01R,2016
21K348,High School of Sports Management,K97R,2016
21K410,Veterinary Sciences And Animal Care,K24A,2016
21K410,Virtual Enterprise,K24B,2016
21K410,Institute for Professions in Science,K24J,2016
21K410,Professional Photography,K24L,2016
21K410,Honors Institute for American Studies – Gilder Lehrman,K24M,2016
21K410,Zoned,K24Z,2016
21K468,Kingsborough Early College,L55A,2016
21K525,Communication Arts,K57A,2016
21K525,Bilingual Chinese (Mandarin) Communication Arts,K57B,2016
21K525,Bilingual Spanish Communication Arts,K57C,2016
21K525,Vocal Music,K57J,2016
21K525,Fine and Visual Arts,K57K,2016
21K525,Instrumental Music,K57L,2016
21K525,Studio Theatre,K57P,2016
21K540,College Preparatory International Program,K56A,2016
21K540,Bilingual Chinese (Mandarin) College Preparatory Program,K56B,2016
21K540,Health Careers Exploration Program,K56D,2016
21K540,Computer Science Institute,K56J,2016
21K540,Pre-Med and Health Careers,K56L,2016
21K540,Visual and Media Arts,K56M,2016
21K540,STEM – Robotics/Space Science,K56S,2016
21K540,Theatre Arts and Dance,K56T,2016
21K559,Life Academy High School for Film and Music,L38A,2016
31R064,Gaynor McCown Expeditionary Learning School,R55A,2016
21K572,Expeditionary Learning School for Community Learners,L34A,2016
21K620,Culinary Arts,K67A,2016
21K620,Information Technology,K67E,2016
21K620,Health Career Profession,K67H,2016
21K620,Automotive Technology,K67N,2016
21K620,Construction Technology Academy,K67R,2016
21K690,Instrumental Music for New Students,K90H,2016
21K690,Digital Communications and Media for New Students,K90J,2016
21K690,Brooklyn Studio Secondary School for Current Students,K90K,2016
22K405,Liberal Arts and Science Institute,K26H,2016
22K405,Humanities Institute,K26J,2016
22K405,Medical Science Institute,K26K,2016
22K405,Bilingual Haitian Creole Institute,K26L,2016
22K425,Information Technology,K25B,2016
22K425,Law Institute,K25D,2016
22K425,Zoned,K25Z,2016
22K535,Leon M. Goldstein High School for the Sciences,K76A,2016
22K555,Brooklyn College Academy,K84X,2016
22K611,Origins High School,K05A,2016
23K493,Brooklyn Collegiate: A College Board School,K93X,2016
23K514,Frederick Douglass Academy VII High School,K80X,2016
23K644,Eagle Academy for Young Men II,L65A,2016
23K697,Teachers Preparatory High School for New Students,K20A,2016
23K697,Teachers Preparatory High School for Current Students,K20B,2016
24Q236,International High School for Health Sciences,Q63A,2016
24Q264,Academy of Finance and Enterprise,Q08R,2016
24Q267,High School of Applied Communication,Q07R,2016
24Q293,Civic Leadership Academy,Q76A,2016
24Q296,Pan American International High School,Q03A,2016
24Q299,Bard High School Early College Queens,Q74B,2016
24Q455,Business Institute,Q34A,2016
24Q455,Pre-Engineering & Computer Technology,Q34J,2016
24Q455,Major Art,Q34K,2016
24Q455,Zoned,Q34Z,2016
24Q485,Academy of Information Technology (AoIT),Q23A,2016
24Q485,"Academy of Business, Hospitality & Tourism",Q23B,2016
24Q485,Academy of Arts and Humanities,Q23H,2016
24Q485,Math/Science Institute,Q23J,2016
24Q485,Academy of Allied Health and Athletic Sciences,Q23S,2016
24Q485,Zoned,Q23Z,2016
24Q520,Middle College High School at LaGuardia Community College,Q30J,2016
24Q530,International High School at LaGuardia Community College,Q27J,2016
24Q550,Arts and Business,Q99A,2016
24Q560,Arts and Technology for New Students,Q31J,2016
24Q560,Arts and Technology for Current Students,Q31K,2016
24Q585,Maspeth High School,Q47A,2016
24Q600,Careers in Business,Q68A,2016
24Q600,Graphic Arts,Q68B,2016
24Q600,School of Skilled Building Trades,Q68C,2016
24Q600,Pre-Engineering Electronic Technology,Q68L,2016
24Q600,Exploratory: Introduction to Occupations,Q68M,2016
24Q600,Computer Technology and Information Systems,Q68N,2016
24Q600,Cosmetology,Q68O,2016
24Q610,Aerospace Engineering Technology,Q60A,2016
24Q610,Aviation Maintenance Technology,Q60Q,2016
25Q240,Veritas Academy,Q51A,2016
25Q241,Queens High School for Language Studies,Q62A,2016
25Q252,Queens School of Inquiry,Q77A,2016
25Q263,Flushing International High School,Q25X,2016
25Q281,East-West School of International Studies,Q82A,2016
25Q285,World Journalism Preparatory,Q85A,2016
25Q285,Franklin Center Science and Technology,Q85F,2016
25Q425,Academy for Creative Artists,Q14A,2016
25Q425,Introduction to Agriculture,Q14B,2016
25Q425,Science Technology Engineering and Math (S.T.E.M.) Research Program,Q14H,2016
25Q425,Zoned,Q14Z,2016
25Q460,Thurgood Marshall Law Academy,Q18A,2016
25Q460,Academy of Health Sciences,Q18B,2016
25Q460,Academy of Business Entrepreneurship,Q18C,2016
25Q460,Zoned,Q18Z,2016
25Q525,Intensive Academic Humanities,Q37J,2016
25Q670,College Head-Start,Q70A,2016
26Q315,Business Technology Early College High School,Q58A,2016
26Q415,Mentor Law and Humanities Institute,Q16A,2016
26Q415,School of Journalism and Media Studies,Q16B,2016
26Q415,DaVinci Science/Math Research Institute,Q16J,2016
26Q415,Performing Dance,Q16K,2016
26Q415,Zoned,Q16Z,2016
26Q430,Jacob K. Javits Law Institute,Q20A,2016
26Q430,Math Research and Robotics,Q20H,2016
26Q430,University Scholars,Q20J,2016
26Q430,Science Research Institute,Q20K,2016
26Q430,Zoned,Q20Z,2016
26Q435,Pre-Med/Pre-Nursing Program,Q38K,2016
27Q480,Medical and Fitness Careers,Q10C,2016
27Q480,Business Institute,Q10E,2016
26Q435,Engineering/Robotics and Design Program,Q38L,2016
26Q435,Pre-Law and Leadership Program,Q38M,2016
26Q435,Zoned,Q38Z,2016
26Q495,Digital Art & Design,Q12A,2016
26Q495,Music: Performance & Production,Q12B,2016
26Q495,Environmental Engineering & Technology,Q12C,2016
26Q495,Humanities & Non-Profit Management,Q12D,2016
26Q495,Computer Programming & Web Design,Q12E,2016
26Q495,Sports Medicine & Management,Q12G,2016
26Q495,Zoned,Q12Z,2016
26Q566,Teaching Institute,Q32A,2016
27Q260,Frederick Douglass Academy VI High School,Q75X,2016
27Q262,Channel View School for Research,Q97X,2016
27Q480,Media & Communication Arts Institute,Q10D,2016
27Q302,Gateway to Engineering – Information Technology,Q06B,2016
27Q302,Gateway to Engineering – Pre-Engineering,Q06C,2016
27Q308,Robert H. Goddard High School of Communication,Q02A,2016
27Q309,Academy of Medical Technology: A College Board School,Q11A,2016
27Q314,Epic High School - South,Q66A,2016
27Q323,Scholars' Academy,Q72A,2016
27Q324,Rockaway Park High School for Environmental Sustainability,Q36A,2016
27Q324,The Green Carpentry Program,Q36G,2016
27Q334,Epic High School - North,Q65A,2016
27Q351,Rockaway Collegiate High School,Q48A,2016
27Q400,Aerospace and Technology Academy,Q50A,2016
27Q400,Communication Arts Academy,Q50B,2016
27Q400,Law Scholars Academy,Q50C,2016
27Q400,Culinary Arts Academy,Q50H,2016
27Q475,Ninth Grade Academy,Q35B,2016
27Q475,Criminology and Forensics Institute (CFI),Q35P,2016
27Q475,Zoned,Q35Z,2016
27Q480,Environmental and Science Investigative Institute,Q10A,2016
27Q480,Law and International Studies Institute,Q10B,2016
27Q480,S.T.E.M. Academy,Q10F,2016
27Q480,Art History & Fine Arts,Q10G,2016
27Q480,Zoned,Q10Z,2016
27Q650,Construction Trades & Management,Q83A,2016
27Q650,Architectural Design,Q83B,2016
27Q650,Academy of Engineering,Q83C,2016
28Q167,Metropolitan Expeditionary Learning School,Q49A,2016
28Q284,York Early College Academy,Q43A,2016
28Q310,Queens Collegiate: A College Board School,Q05A,2016
28Q325,Hillside Arts & Letters Academy,Q46A,2016
28Q328,High School for Community Leadership,Q33A,2016
28Q350,Jamaica Gateway to the Sciences,Q26G,2016
28Q440,Carl Sagan Science/Math Honors Academy,Q19J,2016
28Q440,Law & Humanities Institute,Q19M,2016
28Q440,Drama Academy,Q19N,2016
28Q440,Academy of Instrumental and Vocal Music,Q19P,2016
28Q440,Zoned,Q19Z,2016
28Q505,Health Sciences Institute,Q24A,2016
28Q505,Teachers of Tomorrow,Q24B,2016
28Q505,"The Academy of Media, Arts and Music",Q24H,2016
28Q505,Pre-Med Program,Q24J,2016
28Q505,Theatre Arts,Q24L,2016
28Q505,Academy of Public Service and Law,Q24P,2016
28Q505,Biz/Tech,Q24T,2016
28Q505,Zoned,Q24Z,2016
28Q620,Visual Arts,Q67I,2016
28Q620,Information Technologies,Q67K,2016
28Q620,Computer Aided Design (CAD),Q67M,2016
31R047,CSI High School for International Studies,R01R,2016
28Q620,Electrical Installation Technologies,Q67N,2016
28Q620,Automotive Technologies,Q67P,2016
28Q620,Robotics/STEM,Q67S,2016
28Q620,Medical Careers,Q67V,2016
28Q680,Queens Gateway to Health Sciences,Q57A,2016
28Q686,Zoned,Q39Z,2016
28Q687,Queens High School for the Sciences at York College,NO CODE,2016
28Q690,Law Enforcement and Public Safety,Q21A,2016
28Q896,"The Young Women's Leadership School, Queens",Q89A,2016
29Q243,Institute for Health Professions at Cambria Heights,Q59A,2016
29Q248,Queens Preparatory Academy,Q04R,2016
29Q259,Pathways College Preparatory School: A College Board School,Q09R,2016
29Q265,Excelsior Preparatory High School,Q42X,2016
29Q272,Veterinary Science Institute,Q45A,2016
29Q272,Carver Research Institute,Q45C,2016
29Q283,Preparatory Academy for Writers,Q84A,2016
29Q313,Benjamin Franklin High School for Finance & Information Technology,Q73A,2016
29Q326,Cambria Heights Academy,Q44A,2016
29Q327,Eagle Academy for Young Men III,Q92A,2016
29Q492,Science Research,Q55A,2016
29Q498,Institute of the Performing & Media Arts,Q53A,2016
29Q498,Institute of Visual Arts,Q53J,2016
30Q258,Energy Tech High School,Q61A,2016
30Q286,"The Young Women's Leadership School, Astoria",Q56A,2016
30Q301,Academy for Careers in Television and Film,Q01A,2016
30Q445,Forensic Science and Law Academy,Q15A,2016
30Q445,Business and Technology Institute,Q15B,2016
30Q445,Arts and Humanities Institute,Q15C,2016
30Q445,Math and Science Academy,Q15J,2016
30Q445,Zoned,Q15Z,2016
30Q450,Culinary Institute,Q29J,2016
30Q450,Academy of Restaurant and Hotel Management,Q29M,2016
30Q450,Sports Medicine & Health Sciences,Q29N,2016
30Q450,Community & Culture,Q29P,2016
30Q450,Broadway Productions,Q29Q,2016
30Q450,Global Languages Academy,Q29R,2016
30Q450,Dual Language Spanish Program,Q29S,2016
30Q450,Zoned,Q29Z,2016
30Q501,Film and Media Arts,Q40F,2016
30Q501,Fine Arts,Q40J,2016
30Q501,Instrumental Music,Q40K,2016
30Q501,Vocal Music,Q40L,2016
30Q501,Dance,Q40M,2016
30Q501,Drama,Q40N,2016
30Q502,Information Technology,Q22A,2016
30Q555,Newcomers High School,Q98A,2016
30Q575,Academy of American Studies,Q71A,2016
30Q575,Intensive Academic Humanities,Q71B,2016
30Q580,International Baccalaureate Program,Q41A,2016
31R080,Comprehensive Academic for New Students,R15J,2016
31R080,Comprehensive Academic for Current Students,R15K,2016
31R440,Future Teachers' Academy,R20A,2016
31R440,Law Institute & AFJROTC,R20C,2016
31R440,Corporate Center for Software Engineering & Virtual Enterprise,R20E,2016
31R440,Institute of Health Sciences,R20F,2016
31R440,Academy of Communication and Media Arts,R20M,2016
31R440,Academy of Fine and Dramatic Arts,R20P,2016
31R440,Math & Science Institute,R20S,2016
31R440,Institute of Forensic Science,R20T,2016
31R440,Zoned,R20Z,2016
31R445,The Gateway Scholars Program,R10A,2016
31R445,Culinary Arts,R10C,2016
31R445,Junior Reserve Officers' Training Corps,R10D,2016
31R445,"Institute of Business Technology, Hospitality & Entrepreneurship",R10K,2016
31R445,"The Academy of Television, Visual and Performing Arts",R10L,2016
31R445,Medical Technology,R10M,2016
31R445,Collegiate Academy Honors Program,R10R,2016
31R445,Zoned,R10Z,2016
31R450,Computer Business Institute,R19A,2016
31R450,Legal Studies & Law Enforcement,R19B,2016
31R450,International Baccalaureate/Scholarship Honors Program,R19C,2016
31R450,Journalism Institute,R19D,2016
31R450,Naval Junior Reserve Officers' Training Corps,R19E,2016
31R450,Practical Nursing/Nursing Assistant/Medical Technology,R19F,2016
31R450,Performing Arts,R19G,2016
31R450,School for International Services,R19H,2016
31R450,Visual Arts,R19J,2016
31R450,Zoned,R19Z,2016
31R455,Marine Corps Junior Reserve Officers' Training Corps,R30B,2016
31R455,Classics Institute,R30C,2016
31R455,Science Institute,R30S,2016
31R455,Zoned,R30Z,2016
31R460,Academy of Finance,R17A,2016
31R460,Air Force Junior Reserve Officers' Training Corps,R17C,2016
31R460,Law & Politics Institute,R17D,2016
31R460,Scholars’ Academy,R17F,2016
31R460,Music,R17G,2016
31R460,Visual Arts,R17H,2016
31R460,Theater,R17J,2016
31R460,Zoned,R17Z,2016
31R600,Electrical Engineering and Installation Program,R60A,2016
31R600,Software Engineering,R60B,2016
31R600,CISCO Networking Academy,R60H,2016
31R600,Graphic Design,R60I,2016
31R600,Architectural Drafting,R60K,2016
31R600,Automotive Technology,R60P,2016
31R600,Construction/Carpentry,R60R,2016
31R605,Engineering,NO CODE,2016
32K168,Mathematics & Humanities,L68A,2016
32K403,Academy for Environmental Leadership,L23A,2016
32K545,Public Service,K73A,2016
32K549,Humanities and Interdisciplinary,K54A,2016
32K552,Urban Planning and Design,K52A,2016
32K554,"Pre-Med, Pre-Teaching, Pre-Engineering",K55C,2016
32K556,Bushwick Leaders High School for Academic Excellence,K36A,2016
